news,worldnews,politics,the_donald,worldpolitics,business,economics,libertarian,conservative,sandersforpresident,progressive,the_mueller
-0.40722257409802715,-0.5695998153381592,-0.560550767053234,-0.2847996789756405,-0.7255242147139265,-0.3759873272995453,-0.35937795336873984,-0.006991142832573738,0.09807646233357287,-0.37137794894573717,-0.6927748714609668,-0.6418299410045886
1.0,1.0,0.7867002414432307,-0.8791769189998645,-0.8083390033331657,0.729516362758121,1.0,-0.9153024428934241,-0.7611458329075428,-0.6672100538184509,0.6787215197029945,-0.4969626240860015
