news,worldnews,politics,the_donald,worldpolitics,business,economics,libertarian,conservative,sandersforpresident,progressive,the_mueller
-0.4594004918791244,-0.628954128651737,-0.46503188849948973,0.8668788501026694,-0.5516717325227963,-0.49657534246575347,-0.48057354301572625,0.10344827586206895,0.678183034967375,-0.6647286821705427,-0.48148148148148145,-0.5715488215488216
1.0,1.0,0.9960155316606929,-0.7940873036007239,-0.9723796331276497,0.8717948717948718,0.9853076216712581,0.1218568665377176,0.21619696815545833,-0.7413274513735713,0.8620689655172413,-0.6863366336633664
