news,worldnews,politics,the_donald,worldpolitics,business,economics,libertarian,conservative,sandersforpresident,progressive,the_mueller
-0.49069079633519574,-0.5358288671008834,-0.6638288807108101,0.48115477145148355,-0.5788543298277019,-0.5065112743856094,-0.4481128014659763,-0.0812743975129146,1.0,-0.5555612331800375,-0.5958231954582319,-0.81702903104185
1.0,1.0,0.9262924399227884,-0.9064373329607696,-0.9168276514094075,0.7989152727769928,1.0,-0.7302415032473675,-0.8167807945857076,-0.9309367243468338,0.98486799742434,-0.55208358254325
